title,link,summary,user,date
대구사는우갱님치과추천부탁요~~,https://cafe.naver.com/wgang/325811?art=ZXh0ZXJuYWwtc2VydmljZS1uYXZlci1zZWFyY2gtY2FmZS1wcg.eyJhbGciOiJIUzI1NiIsInR5cCI6IkpXVCJ9.eyJjYWZlVHlwZSI6IkNBRkVfVVJMIiwiY2FmZVVybCI6IndnYW5nIiwiYXJ0aWNsZUlkIjozMjU4MTEsImlzc3VlZEF0IjoxNzQ4MzI4ODM1NDg4fQ.h3ZeTfNgW1QN3jYH8nzqwICmxWEdLwiyKTyspLSBx6k,작년에 갱년기오보나서 이빨이 넘안좋아지네요ㅠ 잇몸도 지금너무안좋고 임플란트도해야하는데요 실력좋고 믿을만한곳대구치과추천부탁드려요 멀어도 믿을만한곳이다싶음추천마구부탁드려요,[우갱] 우아한 갱년기(40대 50대 여성 커뮤니티),2025.03.27.
대구치과추천임플란트 하는곳 알아볼때,https://cafe.naver.com/strawberra/7469?art=ZXh0ZXJuYWwtc2VydmljZS1uYXZlci1zZWFyY2gtY2FmZS1wcg.eyJhbGciOiJIUzI1NiIsInR5cCI6IkpXVCJ9.eyJjYWZlVHlwZSI6IkNBRkVfVVJMIiwiY2FmZVVybCI6InN0cmF3YmVycmEiLCJhcnRpY2xlSWQiOjc0NjksImlzc3VlZEF0IjoxNzQ4MzI4ODM1NDg4fQ.dTTazyhV7PnKoX8cqmnC66Fh4YGE9v2sS4ZoQYYKGnQ,출처 :대구치과추천임플란트 하는곳 알아볼때치과를 방문할 때 가장 신경 쓰이는 것은 위생일 것 같아요. 깔끔하고 세련된 인테리어도 물론 중요하지만 기기를 얼마나 청결하게 관리하느냐도 중요하기 때문이에요. 그런 부분이 걱정되는 분들에게 안성맞춤인 장소가 아닐까 싶은데요. 각각의 시설들이 깨끗하고 꼼꼼하게 관리되어 세균 감염 등의 걱정을 줄일 수 있는치과로 알아볼 수 있어요.치과에서는 진료에...,치아모 :: 치아 건강정보 모음,2주 전
대구치과추천하는 곳 있을까요?,https://cafe.naver.com/piaproject11/3407?art=ZXh0ZXJuYWwtc2VydmljZS1uYXZlci1zZWFyY2gtY2FmZS1wcg.eyJhbGciOiJIUzI1NiIsInR5cCI6IkpXVCJ9.eyJjYWZlVHlwZSI6IkNBRkVfVVJMIiwiY2FmZVVybCI6InBpYXByb2plY3QxMSIsImFydGljbGVJZCI6MzQwNywiaXNzdWVkQXQiOjE3NDgzMjg4MzU0ODh9.xZHfnZHPZKrbXiGk42emE8zohxRiEA5wPTKi4iaQPJ4,"대구치과추천하는 장소가 있을까요? 제가대구에 살고 있지만 어떤치과들이 과연 잘하는 곳인지 잘 몰라서요 그래서대구치과추천하는 병원이 있다면 한번 거기 들렸다오려고요추천좀 부탁드릴게요 ★ 치아에 대한 정보가 가득가득! 이가득 ★ 치아검진/충치치료/임플란트/치아교정/라미네이트 등 치아 고민 소통하는 커뮤니티 (양심치과/인생치과치료/후기/비용/가격/잘하는곳/유명한곳, 서울/강남/인천/대전...",이가득 - 치아검진/충치치료/임플란트/치아교정/라미네이트/ETC,4주 전
대구치과추천부탁드려요,https://cafe.naver.com/velobike/525300?art=ZXh0ZXJuYWwtc2VydmljZS1uYXZlci1zZWFyY2gtY2FmZS1wcg.eyJhbGciOiJIUzI1NiIsInR5cCI6IkpXVCJ9.eyJjYWZlVHlwZSI6IkNBRkVfVVJMIiwiY2FmZVVybCI6InZlbG9iaWtlIiwiYXJ0aWNsZUlkIjo1MjUzMDAsImlzc3VlZEF0IjoxNzQ4MzI4ODM1NDg4fQ.CZUD5PFMG-6UR8RKHrY2SSW45dvkpIV2Amu_DPuvoyM,대구에서치과괜찮은 곳 찾고 있는데대구치과추천부탁드려요,대구맘 대표카페 : No.1 마미&육아 커뮤니티,2024.12.23.
대구 치과 추천해주세요~,https://cafe.naver.com/dgmom365/7033948?art=ZXh0ZXJuYWwtc2VydmljZS1uYXZlci1zZWFyY2gtY2FmZS1wcg.eyJhbGciOiJIUzI1NiIsInR5cCI6IkpXVCJ9.eyJjYWZlVHlwZSI6IkNBRkVfVVJMIiwiY2FmZVVybCI6ImRnbW9tMzY1IiwiYXJ0aWNsZUlkIjo3MDMzOTQ4LCJpc3N1ZWRBdCI6MTc0ODMyODgzNTQ4OH0.sA2iEWcqv00ouDjWuBHmR9p6PZNxZlz1MuEZ3N6jq60,성인 진료구요. 이곳저곳 다녀봤는데... 맘에드는덴 못 찾았어요. 진료 과잉없이 친절히 잘 보는곳 부탁드려요ㅜㅜ 감사합니다,"대구맘 365 - 결혼, 임신, 출산, 육아, 교육,성형,부동산,DIY",5일 전
대구 치과 추천부탁드려요 ^^,https://cafe.naver.com/2005mam/1689288?art=ZXh0ZXJuYWwtc2VydmljZS1uYXZlci1zZWFyY2gtY2FmZS1wcg.eyJhbGciOiJIUzI1NiIsInR5cCI6IkpXVCJ9.eyJjYWZlVHlwZSI6IkNBRkVfVVJMIiwiY2FmZVVybCI6IjIwMDVtYW0iLCJhcnRpY2xlSWQiOjE2ODkyODgsImlzc3VlZEF0IjoxNzQ4MzI4ODM1NDg4fQ.xyAR1lzY4xQkNeIhwgvrjzXFgR3rTTKr4WCvPaax66M,몇 년 전에 경주에 있는치과에서 인레이 했던 게 인레이 한 지 1개월도 안됐을 때 빠져버려서 이제 경주가 아닌 다른 지역치과를 좀 찾아보려구요.대구 치과 추천부탁드려요 ^^,·´`°³о 경주아이맘·´`°³о,2024.08.19.
대구치과추천,https://cafe.naver.com/chuldo/2428256?art=ZXh0ZXJuYWwtc2VydmljZS1uYXZlci1zZWFyY2gtY2FmZS1wcg.eyJhbGciOiJIUzI1NiIsInR5cCI6IkpXVCJ9.eyJjYWZlVHlwZSI6IkNBRkVfVVJMIiwiY2FmZVVybCI6ImNodWxkbyIsImFydGljbGVJZCI6MjQyODI1NiwiaXNzdWVkQXQiOjE3NDgzMjg4MzU0ODh9.AW-ULpPyxHVpbJZfC_lUInolfu8x9Tp-dkajrMLNGq8,치아관리를 너무안해서 지금은 치아가 전체고장입니다 치료를 시작해야되는데 병원선정하는것이 너무 힘듭니다 지금 병원4곳 방문 발치 상악동거상술 임플 란트 10개이상 3곳이 이런진단을 받앗습니다 대수술인것같아 병원선택을 못하고잇습니다 지금 제일 마음가는치과는 범어동 ㅅㅁㅌ 여기인데요 여기서 치료 받으신분 잇으면 댓글부탁드립니다대구치과추천부탁드립니다 전 집이 경산이라 너무 멀지...,철도청[치아턱교정치과보험양악수술임플란트미백돌출입안티성형],2024.04.19.
대구 치과 추천부탁드립니다.,https://cafe.naver.com/dgmom365/6709436?art=ZXh0ZXJuYWwtc2VydmljZS1uYXZlci1zZWFyY2gtY2FmZS1wcg.eyJhbGciOiJIUzI1NiIsInR5cCI6IkpXVCJ9.eyJjYWZlVHlwZSI6IkNBRkVfVVJMIiwiY2FmZVVybCI6ImRnbW9tMzY1IiwiYXJ0aWNsZUlkIjo2NzA5NDM2LCJpc3N1ZWRBdCI6MTc0ODMyODgzNTQ4OH0.4fzyJSRpz-hwyb-9uFlm5_VtCKK5SJzGu76NRTQVLUM,대구남구나 달서구치과 추천부탁드려요!^^ 제가 치료받을 거에요 너무 과잉진료하는 곳은 사양합니다 ㅠ 정직한 치료 원해요,"대구맘 365 - 결혼, 임신, 출산, 육아, 교육,성형,부동산,DIY",2024.05.28.
대구수성구 수성동 주변치과추천찾을때,https://cafe.naver.com/jybvictoria/5222?art=ZXh0ZXJuYWwtc2VydmljZS1uYXZlci1zZWFyY2gtY2FmZS1wcg.eyJhbGciOiJIUzI1NiIsInR5cCI6IkpXVCJ9.eyJjYWZlVHlwZSI6IkNBRkVfVVJMIiwiY2FmZVVybCI6Imp5YnZpY3RvcmlhIiwiYXJ0aWNsZUlkIjo1MjIyLCJpc3N1ZWRBdCI6MTc0ODMyODgzNTQ4OH0.YYzqV9awCjhgmP2FYuCZJeDmQaUEbZ27jI0dWuCU4bo,누구나 반드시 받아야 하는 것이 아닌 잇몸뼈의 양과 질의 상태에 따라 달라질 수 있으므로 의료진의 판단 하에 도움 받아 보시기 바랄게요.대구치과추천수성구치과수성동치과임플란트 찾을때대구치과추천수성구치과수성동치과임플란트 찾을때대구치과추천수성구치과수성동치과임플란트 찾을때대구치과추천수성구치과수성동치과임플란트 찾을때대구치과추천수성구치과수성동치과임플란트 찾을때,로이스치과,2025.04.22.
대구 치과,https://cafe.naver.com/dgmom365/6935523?art=ZXh0ZXJuYWwtc2VydmljZS1uYXZlci1zZWFyY2gtY2FmZS1wcg.eyJhbGciOiJIUzI1NiIsInR5cCI6IkpXVCJ9.eyJjYWZlVHlwZSI6IkNBRkVfVVJMIiwiY2FmZVVybCI6ImRnbW9tMzY1IiwiYXJ0aWNsZUlkIjo2OTM1NTIzLCJpc3N1ZWRBdCI6MTc0ODMyODgzNTQ4OX0.35Tgguzm-ycMKRQaHiuN_Icak-lmSAdp9_ekBCBT7Mc,대구 치과 추천좀해주세요 인레이 온레이ㅠ둘다 해야 하는데 병원마다 가격이 다 다르더라구요 저렴하고 잘하는곳 있나요,"대구맘 365 - 결혼, 임신, 출산, 육아, 교육,성형,부동산,DIY",2025.01.22.
대구 치과추천해주세요 ;,https://cafe.naver.com/engmstudy/2600358?art=ZXh0ZXJuYWwtc2VydmljZS1uYXZlci1zZWFyY2gtY2FmZS1wcg.eyJhbGciOiJIUzI1NiIsInR5cCI6IkpXVCJ9.eyJjYWZlVHlwZSI6IkNBRkVfVVJMIiwiY2FmZVVybCI6ImVuZ21zdHVkeSIsImFydGljbGVJZCI6MjYwMDM1OCwiaXNzdWVkQXQiOjE3NDgzMjg4MzU0ODl9.pDw_IS5Qrq3DkbQ1gtDlYmQOMaRcgYUphiR7ZRmBEbA,치료할게 있는데 지금 다니는 병원은 자꾸 크라운하자고 하는데 ㅠㅠ 가급적 제 치아 살리고 싶어서 그러는데대구에서 양심적이고 과잉진료 없는치과 추천좀 해주세요~,"● 짠돌이카페 ● 짠돌이부자되기(재테크,절약,보험료줄이기)",2023.10.06.
대구 치과 추천부탁드려요 ㅠㅠ,https://cafe.naver.com/velobike/418318?art=ZXh0ZXJuYWwtc2VydmljZS1uYXZlci1zZWFyY2gtY2FmZS1wcg.eyJhbGciOiJIUzI1NiIsInR5cCI6IkpXVCJ9.eyJjYWZlVHlwZSI6IkNBRkVfVVJMIiwiY2FmZVVybCI6InZlbG9iaWtlIiwiYXJ0aWNsZUlkIjo0MTgzMTgsImlzc3VlZEF0IjoxNzQ4MzI4ODM1NDg5fQ.4qa3B6lMjxoM4Bniiv3tELBqWoTNX_FZlfVZZ7VwAug,"충치 치료하러 근처치과에 갔는데 레진, 인레이, 크라운 치료, 사랑니도 뽑으면 좋겠다 하시고 치료 상황보고 신경 치료 할 수도 있다고 진단 받았는데 견적이 정말 만만치가 않아요...아무래도 과잉진료 하는 곳이 많아서 한 두곳 더 비교하고 싶은데 과잉진료 없는 양심적인치과 추천부탁드려요 ㅜㅜ 멀어도 괜찮으니대구내에서 믿을만한치과아시는 분추천부탁드리겠습니다!!",대구맘 대표카페 : No.1 마미&육아 커뮤니티,2023.02.15.
대구치과치아미백 시술추천,https://cafe.naver.com/daegumomstory/404877?art=ZXh0ZXJuYWwtc2VydmljZS1uYXZlci1zZWFyY2gtY2FmZS1wcg.eyJhbGciOiJIUzI1NiIsInR5cCI6IkpXVCJ9.eyJjYWZlVHlwZSI6IkNBRkVfVVJMIiwiY2FmZVVybCI6ImRhZWd1bW9tc3RvcnkiLCJhcnRpY2xlSWQiOjQwNDg3NywiaXNzdWVkQXQiOjE3NDgzMjg4MzU0ODl9.onYxFoR8tDKiloKrdYJbIHAvzmA4ojpdqkFLsZvSfOE,치아 색이 너무 신경쓰여서 엄청 고민하닥 치아미백 하려고 하는데 치아미백 잘해주는대구치과 추천좀 부탁드릴게요대구치과에서 치아미백 하신 분들 후기도 알려주세요,대구맘 놀이터,2025.02.12.
대구 치과 추천,https://cafe.naver.com/acnescar/2098240?art=ZXh0ZXJuYWwtc2VydmljZS1uYXZlci1zZWFyY2gtY2FmZS1wcg.eyJhbGciOiJIUzI1NiIsInR5cCI6IkpXVCJ9.eyJjYWZlVHlwZSI6IkNBRkVfVVJMIiwiY2FmZVVybCI6ImFjbmVzY2FyIiwiYXJ0aWNsZUlkIjoyMDk4MjQwLCJpc3N1ZWRBdCI6MTc0ODMyODgzNTQ4OX0.d5p_9nslfsNUXmTqaZs4D1-CmuQD558RJ44RZNijzVY,대구과잉진료 안하는치과 추천좀 해즈세요ㅠ.ㅠ 충치치료 잘하는곳으로요!!! 수면마취 되는 곳이면 더할나위 없이 좋을것같앙요!!¡,"피부인 ▶ 대표 피부카페 - 여드름,여드름흉터, 모공 시술정보",2025.01.14.
대구 치과 추천좀 해주세요,https://cafe.naver.com/chigunsamo/365971?art=ZXh0ZXJuYWwtc2VydmljZS1uYXZlci1zZWFyY2gtY2FmZS1wcg.eyJhbGciOiJIUzI1NiIsInR5cCI6IkpXVCJ9.eyJjYWZlVHlwZSI6IkNBRkVfVVJMIiwiY2FmZVVybCI6ImNoaWd1bnNhbW8iLCJhcnRpY2xlSWQiOjM2NTk3MSwiaXNzdWVkQXQiOjE3NDgzMjg4MzU0ODl9.KzNiG4xIXvBshTd7xuMRgHQb41bJJ9LdZBw1RPOqSGI,안녕하세요~ 제목 그대로대구임플란트치과 추천받아요! 친아버지께서 임플란트 할 예정인데 지역이 달라서대구에서 하시는 데 가격면이나 실력면에서추천받아요! 워낙 공장형이나 실력없으신 원장님도 많이 봐서 불안하네요ㅠㅠ,치건사모 - 치과 건강보험을 사랑하는 모임,2021.01.29.
대구 치과 추천해주시면 감사^^,https://cafe.naver.com/dgmom365/6965810?art=ZXh0ZXJuYWwtc2VydmljZS1uYXZlci1zZWFyY2gtY2FmZS1wcg.eyJhbGciOiJIUzI1NiIsInR5cCI6IkpXVCJ9.eyJjYWZlVHlwZSI6IkNBRkVfVVJMIiwiY2FmZVVybCI6ImRnbW9tMzY1IiwiYXJ0aWNsZUlkIjo2OTY1ODEwLCJpc3N1ZWRBdCI6MTc0ODMyODgzNTQ4OX0.SNp00rZpjqWpjdkRn5qAz8_uSARjNWhQWNGcq1RtLz0,양심있는곳 원해요 갠병원이 더 믿음가긴 하지만 체인도 괜찮다면 가볼의향 있네요 치아관리 진즉 받았어야 했는데 일에치이고 애들에치여서 방치했더니 이젠 쿡쿡 안아픈곳이 없네요 ㅠ 더 늦기전에 얼렁 병원 가야할듯한데 다른분들 치아 전체적으로 손본다카면 얼마나 나오나요? 사실 그젠가 집근처 병원갓는데 싹다밀고 임플하라해서 헐~~ㅋㅋ 했던,"대구맘 365 - 결혼, 임신, 출산, 육아, 교육,성형,부동산,DIY",2025.02.26.
대구 치과 추천좀 부탁드릴게요!,https://cafe.naver.com/dgmom365/4949465?art=ZXh0ZXJuYWwtc2VydmljZS1uYXZlci1zZWFyY2gtY2FmZS1wcg.eyJhbGciOiJIUzI1NiIsInR5cCI6IkpXVCJ9.eyJjYWZlVHlwZSI6IkNBRkVfVVJMIiwiY2FmZVVybCI6ImRnbW9tMzY1IiwiYXJ0aWNsZUlkIjo0OTQ5NDY1LCJpc3N1ZWRBdCI6MTc0ODMyODgzNTQ4OX0.zEtITrQoxnnacoZnAMhhCD7fQAXSZIFSGrSG-XfQ73k,제가 지금 치아관리를 제대로 못해서 충치가 좀 많아요 비용도 그렇구치과가는게 싫어서 계속 미뤘더니 예전에 어금니쪽에 떼운것두 빠지구 그 부분이 또 슬슬 아파오네요ㅠㅠ 맘먹구 충치치료 전부 싹 다 하고싶은데 비용이 어마어마하게 들것 같아 부담되서요대구에 과잉진료 전혀 없구!! 꼼꼼하게 봐주시는 친절한치과있으면 제발추천좀 드릴게요 광고는 절대 사절입니다ㅠㅠ 댓글로 병원명 말씀해주시기...,"대구맘 365 - 결혼, 임신, 출산, 육아, 교육,성형,부동산,DIY",2020.11.24.
대구치과사랑니발치 잘하는 곳 알려주세용 ㅜㅜ,https://cafe.naver.com/dgmom365/6424001?art=ZXh0ZXJuYWwtc2VydmljZS1uYXZlci1zZWFyY2gtY2FmZS1wcg.eyJhbGciOiJIUzI1NiIsInR5cCI6IkpXVCJ9.eyJjYWZlVHlwZSI6IkNBRkVfVVJMIiwiY2FmZVVybCI6ImRnbW9tMzY1IiwiYXJ0aWNsZUlkIjo2NDI0MDAxLCJpc3N1ZWRBdCI6MTc0ODMyODgzNTQ4OX0.Qz24CicCx7UxQf8PuV5K6eW37ZXDRyR26F-Vw-TrZ3g,"윗 사랑니가 볼따구를 찌르더니 헐었네요ㅜㅜ 너무 따가워서 입벌리는것도 힘들고 약발라도 계속 닿이니까 덧나네요 어서 뽑아야하는데 사랑니뽑는 건 또 무섭고ㅜㅜ실력좋고 가격도 적당한대구치과 추천해주세요,,, 위치는대구동성로나대구중앙로쪽이면 좋아요 ㅜㅜ!!","대구맘 365 - 결혼, 임신, 출산, 육아, 교육,성형,부동산,DIY",2023.08.17.
3살아이 충치ㅜ대구 치과 추천부탁해요,https://cafe.naver.com/gcfriends/73874?art=ZXh0ZXJuYWwtc2VydmljZS1uYXZlci1zZWFyY2gtY2FmZS1wcg.eyJhbGciOiJIUzI1NiIsInR5cCI6IkpXVCJ9.eyJjYWZlVHlwZSI6IkNBRkVfVVJMIiwiY2FmZVVybCI6ImdjZnJpZW5kcyIsImFydGljbGVJZCI6NzM4NzQsImlzc3VlZEF0IjoxNzQ4MzI4ODM1NDg5fQ.b3WPK9FWZae1vuu2_SCUrIr2atrGykBVwjd4dy3ZdPo,거창에 영유아검진 받았는데 충치생겼다고 갈고 떼워야 된다네요 너무 어려서대구에 소아치과로 가서 치료하라는데..멘붕이예요ㅜ 3살4살 아이 치료해본적 있으신분대구나 진주에 유아치과추천부탁해요~~,거창프렌즈,2020.08.03.
대구 치과 추천바랍니다,https://cafe.naver.com/imsanbu/37061810?art=ZXh0ZXJuYWwtc2VydmljZS1uYXZlci1zZWFyY2gtY2FmZS1wcg.eyJhbGciOiJIUzI1NiIsInR5cCI6IkpXVCJ9.eyJjYWZlVHlwZSI6IkNBRkVfVVJMIiwiY2FmZVVybCI6Imltc2FuYnUiLCJhcnRpY2xlSWQiOjM3MDYxODEwLCJpc3N1ZWRBdCI6MTc0ODMyODgzNTQ4OX0.aDf5Pafe74j1gcUe5ApgETmhLn8zgRlayUcurYQtCqM,안녕하세요~ 친정을 떠나온지가 10년이 넘다보니 이젠 태어나고 자란대구가 어색하네요 ㅠㅠ 친정부모님 두분다치과치료를 받아야하는데 사후처리까지 계속 잘 받을수있는곳을추천바랍니다 두분다 환갑은 넘으셨구요 서구 중리동이 집이라 서구쪽치과 추천바라며 임플란트와 틀니 고려중입니다 부탁드려요~^^,"맘스홀릭 베이비 (330만 엄마들의 임신, 육아 지식in 카페)",2017.11.07.
대구 치과추천쫌....ㅜㅜ,https://cafe.naver.com/sujilovemom/421159?art=ZXh0ZXJuYWwtc2VydmljZS1uYXZlci1zZWFyY2gtY2FmZS1wcg.eyJhbGciOiJIUzI1NiIsInR5cCI6IkpXVCJ9.eyJjYWZlVHlwZSI6IkNBRkVfVVJMIiwiY2FmZVVybCI6InN1amlsb3ZlbW9tIiwiYXJ0aWNsZUlkIjo0MjExNTksImlzc3VlZEF0IjoxNzQ4MzI4ODM1NDg5fQ.9TsMyuzllqqDIw_kIrTrERLdH0_cmEcz9oAGWln3ZRk,"먼저 쌩뚱맞은 타지역 질문이라 죄송해요;;; 도움을 청할곳이 마땅히 없어서, 혹시나하고 여쭤봅니다~대구에 친정 부모님이 사시는데.... 임플란트를 8개나 하셔야 한다네요ㅜㅜ 몇군데 견적을 받으신거 같은데..비싸기도하고..실력도 어떤지 몰라서 좀 걱정이예요ᆢ 혹,대구에 임플란트치과소개해주실만한곳 있으면 부탁드립니다~ 친정 떠난지 너무 오래되서, 정보가 없어요ㅜ",용인수지맘&맘단토,2021.04.24.
레진이나 크라운 잘하는대구치과 추천부탁드립니다 (급함),https://cafe.naver.com/dgmom365/6430836?art=ZXh0ZXJuYWwtc2VydmljZS1uYXZlci1zZWFyY2gtY2FmZS1wcg.eyJhbGciOiJIUzI1NiIsInR5cCI6IkpXVCJ9.eyJjYWZlVHlwZSI6IkNBRkVfVVJMIiwiY2FmZVVybCI6ImRnbW9tMzY1IiwiYXJ0aWNsZUlkIjo2NDMwODM2LCJpc3N1ZWRBdCI6MTc0ODMyODgzNTQ4OX0.NFo9bxoxkcB8qNN0ZX49dLbMMawBaTVteWg77DkSKdY,"냉동탕후루 먹다가 떡하고 소리나길래 봤더니 레진이 떨어졌어요,,,하,,ㅠ 빨리치과가야하는데 다시 레진하는게 좋을지 크라운해야할지도 고민이네요ㅜ 실력도 실력인데 가격 괜찮은치과 추천해주세요ㅠㅠ","대구맘 365 - 결혼, 임신, 출산, 육아, 교육,성형,부동산,DIY",2023.08.24.
"대구치과추천, 달서구치과상인동에 위치하고 있어요!",https://cafe.naver.com/bk1009/3310907?art=ZXh0ZXJuYWwtc2VydmljZS1uYXZlci1zZWFyY2gtY2FmZS1wcg.eyJhbGciOiJIUzI1NiIsInR5cCI6IkpXVCJ9.eyJjYWZlVHlwZSI6IkNBRkVfVVJMIiwiY2FmZVVybCI6ImJrMTAwOSIsImFydGljbGVJZCI6MzMxMDkwNywiaXNzdWVkQXQiOjE3NDgzMjg4MzU0ODl9.3ZahMG177VMJ67ZMT-KZ0U9d5e9acRdRsi7HbN2TATk,"오늘은 사.고나 노;화 등으로 치'아를 상""실하게 되어 자:연.치,아를 도저히 살릴 수 없을 때 치'료를 하기 위해서대구치과추천을 드리려고 합니다.대구치과추천을 드리는 곳에서는 최대한 자'연""치:아를 살리기 위해서 노.력을 하고 있는데요. 하지만 도저히 살릴 수 없는 치,아의 경우에는 임.플'란:트를 진.행하고 있는데요. 문제는 일부 고'령 환""자들 가운데 잇:몸에 염.증이 심하거나 임.플,란'트가 자리를 잡을 수...","급매물과 반값매매-부동산,창업 투자,구인구직,유통,라이프정보",2020.01.22.
대구에 잇는치과 추천부탁드려요,https://cafe.naver.com/alba010/1241844?art=ZXh0ZXJuYWwtc2VydmljZS1uYXZlci1zZWFyY2gtY2FmZS1wcg.eyJhbGciOiJIUzI1NiIsInR5cCI6IkpXVCJ9.eyJjYWZlVHlwZSI6IkNBRkVfVVJMIiwiY2FmZVVybCI6ImFsYmEwMTAiLCJhcnRpY2xlSWQiOjEyNDE4NDQsImlzc3VlZEF0IjoxNzQ4MzI4ODM1NDg5fQ.KMILVsYaMunnugNXsJrUz8nDZiwSkjY5lUD-rId3apY,저희 과장님 임플란트 겸 여기저기 손 볼 때가 많으신데 정말 괸찬은대구 치과 추천부탁드랴요 천만원 이상 든다고 하시네여 ㅠㅠ 이관리 ...!! 세상에서치과가 젤 무서워요 ㅠㅠ,"방판매니아 [방매,화장품,설화수,헤라,오휘,더후,숨,시슬리]샘플",2015.12.15.
대구 치과추천,https://cafe.naver.com/1stdh/108472?art=ZXh0ZXJuYWwtc2VydmljZS1uYXZlci1zZWFyY2gtY2FmZS1wcg.eyJhbGciOiJIUzI1NiIsInR5cCI6IkpXVCJ9.eyJjYWZlVHlwZSI6IkNBRkVfVVJMIiwiY2FmZVVybCI6IjFzdGRoIiwiYXJ0aWNsZUlkIjoxMDg0NzIsImlzc3VlZEF0IjoxNzQ4MzI4ODM1NDg5fQ.DusJx2T8cF5Nk1jbfOxgjl20hRBtyMveZzYlSh_A3wI,타지역에서대구칠곡3지구로 이사왔어요 좋은치과있으면추천부탁드립니다!,명품 치과위생사,2019.04.23.
대구 치과 추천드려요,https://cafe.naver.com/feko/5238989?art=ZXh0ZXJuYWwtc2VydmljZS1uYXZlci1zZWFyY2gtY2FmZS1wcg.eyJhbGciOiJIUzI1NiIsInR5cCI6IkpXVCJ9.eyJjYWZlVHlwZSI6IkNBRkVfVVJMIiwiY2FmZVVybCI6ImZla28iLCJhcnRpY2xlSWQiOjUyMzg5ODksImlzc3VlZEF0IjoxNzQ4MzI4ODM1NDg5fQ.hc3MWIodo9XovVm7yO5ILOFldcvQMcA32yenNZDEX6Y,"대구사는데..치과 추천부탁드릴게요..,치과바꾸고 괜찮은 곳좀 가보려구요..",『여우야』뷰티카페 (성형수술/화장품/성형후기/이벤트/체험단),2020.06.24.
대구 치과 추천,https://cafe.naver.com/velobike/377494?art=ZXh0ZXJuYWwtc2VydmljZS1uYXZlci1zZWFyY2gtY2FmZS1wcg.eyJhbGciOiJIUzI1NiIsInR5cCI6IkpXVCJ9.eyJjYWZlVHlwZSI6IkNBRkVfVVJMIiwiY2FmZVVybCI6InZlbG9iaWtlIiwiYXJ0aWNsZUlkIjozNzc0OTQsImlzc3VlZEF0IjoxNzQ4MzI4ODM1NDg5fQ.0oLAh2rNtps-gCIfK_Noa8wm9g5PXXI_TE_Lssa3uqc,크라운 씌워야 하는데대구 치과.. 어디가 좋나요? 지인이 제동치과가라고 하는데 괜찮나요?,대구맘 대표카페 : No.1 마미&육아 커뮤니티,2022.04.28.
야X)대구 치과 추천해주세요~,https://cafe.naver.com/lionsball/1762235?art=ZXh0ZXJuYWwtc2VydmljZS1uYXZlci1zZWFyY2gtY2FmZS1wcg.eyJhbGciOiJIUzI1NiIsInR5cCI6IkpXVCJ9.eyJjYWZlVHlwZSI6IkNBRkVfVVJMIiwiY2FmZVVybCI6Imxpb25zYmFsbCIsImFydGljbGVJZCI6MTc2MjIzNSwiaXNzdWVkQXQiOjE3NDgzMjg4MzU0ODl9.5N3PyqrmQuXavFLwi2ZDakJO5ST3U5fh3MqeOjDtgc4,충치 치료 하려고 하는데 과잉 진료 안하고 실력 괜찮은치과 추천해주세요~~,사자 사랑방 (삼성라이온즈 팬 커뮤니티),2023.08.29.
대구치과 추천이요,https://cafe.naver.com/chigunsamo/334098?art=ZXh0ZXJuYWwtc2VydmljZS1uYXZlci1zZWFyY2gtY2FmZS1wcg.eyJhbGciOiJIUzI1NiIsInR5cCI6IkpXVCJ9.eyJjYWZlVHlwZSI6IkNBRkVfVVJMIiwiY2FmZVVybCI6ImNoaWd1bnNhbW8iLCJhcnRpY2xlSWQiOjMzNDA5OCwiaXNzdWVkQXQiOjE3NDgzMjg4MzU0ODl9.IsaHkE9R_5d5oK3r9b4h0pf6bFc7XinhnL9DF514aVM,시아버님이 임플란트를 해야해서 그러는데치과를추천해주실 만한데 없나요. 수성구쪽으로추천해주시면 감사하겠습니다!,치건사모 - 치과 건강보험을 사랑하는 모임,2020.05.21.
대구치과추천좀해주세용,https://cafe.naver.com/chuldo/1742062?art=ZXh0ZXJuYWwtc2VydmljZS1uYXZlci1zZWFyY2gtY2FmZS1wcg.eyJhbGciOiJIUzI1NiIsInR5cCI6IkpXVCJ9.eyJjYWZlVHlwZSI6IkNBRkVfVVJMIiwiY2FmZVVybCI6ImNodWxkbyIsImFydGljbGVJZCI6MTc0MjA2MiwiaXNzdWVkQXQiOjE3NDgzMjg4MzU0ODl9.GuPb7nBC2-VceX-ExUl6rSsvVbuKTO1MOnihsRESQAc,동네치과다니다 ..다른이에충격이가서 윗니아랫니장난아니게아프네요..이래서실력좋은데가야하나봐요..대구에치과잘하는곳 추전좀해주세용,철도청[치아턱교정치과보험양악수술임플란트미백돌출입안티성형],2019.04.29.
대구 치과 추천해주세요,https://cafe.naver.com/healingdogcat/1152294?art=ZXh0ZXJuYWwtc2VydmljZS1uYXZlci1zZWFyY2gtY2FmZS1wcg.eyJhbGciOiJIUzI1NiIsInR5cCI6IkpXVCJ9.eyJjYWZlVHlwZSI6IkNBRkVfVVJMIiwiY2FmZVVybCI6ImhlYWxpbmdkb2djYXQiLCJhcnRpY2xlSWQiOjExNTIyOTQsImlzc3VlZEF0IjoxNzQ4MzI4ODM3OTc1fQ.fik4GsfE12CIdvTHf65NDC0VQWHv-_ziA73hWVHI4bY,"등업용 한두 줄 글, 등업요청 및 문의, 제목만 있는 글, 날씨글, 새해·추석·크리스마스 인사글 등과 나눔·벼룩·구매문의 등 권한이 없는 글, 인사글 중복으로 불량 등업 시 글은 삭제되고 강됩니다. 불량등업 반복 시 강퇴됩니다. 자동등업 제외 되신 분은 등업조건 갖추신 후 [신고+문의+건의] 게시판에 등업신청해주세요. 등업방법 : https://cafe.naver.com/healingdogcat/1010229 ■ 반려동물 종...",아반강고 힐링카페 아픈 반려 강아지와 고양이를 위한 힐링카페,2024.10.01.
대구 치과 추천,https://cafe.naver.com/chuldo/1618114?art=ZXh0ZXJuYWwtc2VydmljZS1uYXZlci1zZWFyY2gtY2FmZS1wcg.eyJhbGciOiJIUzI1NiIsInR5cCI6IkpXVCJ9.eyJjYWZlVHlwZSI6IkNBRkVfVVJMIiwiY2FmZVVybCI6ImNodWxkbyIsImFydGljbGVJZCI6MTYxODExNCwiaXNzdWVkQXQiOjE3NDgzMjg4Mzc5NzV9.vxkrmEicFv8t7rCnNwxx2LlCjiY3jLe4NtdzkYvobrA,"대구달서구에 위치한 ㅇㄱㄱㅈㅇㅅㅊㄱ, ㅁㅇㅅㅌㅊㄱ 이두군데 병원 보고있는 중인데 괜찮은가요?치과너무많아서 조언 좀얻고싶네요~ㅠㅠ",철도청[치아턱교정치과보험양악수술임플란트미백돌출입안티성형],2018.07.30.
대구 치과 추천해주실만한데 있나요?,https://cafe.naver.com/feko/5229721?art=ZXh0ZXJuYWwtc2VydmljZS1uYXZlci1zZWFyY2gtY2FmZS1wcg.eyJhbGciOiJIUzI1NiIsInR5cCI6IkpXVCJ9.eyJjYWZlVHlwZSI6IkNBRkVfVVJMIiwiY2FmZVVybCI6ImZla28iLCJhcnRpY2xlSWQiOjUyMjk3MjEsImlzc3VlZEF0IjoxNzQ4MzI4ODM3OTc2fQ.R3n-CCblCVfaLfMxwrWPb917NH9z8AAQlxDBH6wc6qw,"대구사는데..치과괜찮은곳 찾아요..ㅜㅠㅠ 요즘 계속 아픈거 참다가 안되겠어요.. 동네치과별루여셔.. 괜찮은데 찾아 보랴고 하는데,,과잉 빼고 잘하는 곳으로 알려주세요.",『여우야』뷰티카페 (성형수술/화장품/성형후기/이벤트/체험단),2020.06.18.
대구 치과 추천부탁해요,https://cafe.naver.com/chuldo/1711577?art=ZXh0ZXJuYWwtc2VydmljZS1uYXZlci1zZWFyY2gtY2FmZS1wcg.eyJhbGciOiJIUzI1NiIsInR5cCI6IkpXVCJ9.eyJjYWZlVHlwZSI6IkNBRkVfVVJMIiwiY2FmZVVybCI6ImNodWxkbyIsImFydGljbGVJZCI6MTcxMTU3NywiaXNzdWVkQXQiOjE3NDgzMjg4Mzc5NzZ9.1YqE_RROwNsqIodGwgCjc4Ds1Zt52KYPOPu4QyCrTrs,예전에 ㅂㅅㅂ치과에서 정밀검사까지 받고 망설이다가 교정 안했어요 6년이 지난 지금도 계속 생각이 나서 마음 먹고 30대 중반에 나이에도 불구하고 교정할까 싶어요 예전에 알아볼때와는 다르게 금액이랑치과도 다양해진거 같은데 교정선배님들 병원추천좀 해주세요 그리고 데이몬으로 했을때 가격도 좀 알려주세요 제가 ㅠㅠ 약자로 하면 잘 몰라서 쪽지 부탁좀 드릴께요 부탁해요,철도청[치아턱교정치과보험양악수술임플란트미백돌출입안티성형],2019.02.20.
놀러갔다가 가게된대구치과 추천해볼게요,https://cafe.naver.com/dmreplay/2316230?art=ZXh0ZXJuYWwtc2VydmljZS1uYXZlci1zZWFyY2gtY2FmZS1wcg.eyJhbGciOiJIUzI1NiIsInR5cCI6IkpXVCJ9.eyJjYWZlVHlwZSI6IkNBRkVfVVJMIiwiY2FmZVVybCI6ImRtcmVwbGF5IiwiYXJ0aWNsZUlkIjoyMzE2MjMwLCJpc3N1ZWRBdCI6MTc0ODMyODgzNzk3Nn0.dcXKg3def0ph03Z7ggiD4ASguhqr6U93ZMAqNIwPofg,제가 자주 갈 수 있는치과는 아니지만 친구가 적극추천해서 가본치과에요대구에 친구가 내려가있는데 하도 심심하다고 노래를 불러서 주말에 시간을 내려갔죠 맛있는 거 사달라고 협박을 해놓은 상태라 즐거운 기분으로 내려갔는데 이때는 제가치과를 가리라고는 생각을 못했어요 친구를 만나서 오랜만에 이야기도 나누고 친구가 맛있는 것도 사줘서 너무 즐겁게 놀다가 술을 마시면서 사건이 터졌어요 제가...,★쌍용 토레스 공식동호회[토레스 매니아]EVX 전기차 하이브리드,2016.02.29.
대구치과추천,https://cafe.naver.com/fox5282/2104667?art=ZXh0ZXJuYWwtc2VydmljZS1uYXZlci1zZWFyY2gtY2FmZS1wcg.eyJhbGciOiJIUzI1NiIsInR5cCI6IkpXVCJ9.eyJjYWZlVHlwZSI6IkNBRkVfVVJMIiwiY2FmZVVybCI6ImZveDUyODIiLCJhcnRpY2xlSWQiOjIxMDQ2NjcsImlzc3VlZEF0IjoxNzQ4MzI4ODM3OTc2fQ.4NtEwyZ-zZXaKmFFE5cY5DuYV6eQQA6ceR35jUoS1-U,대구에 괜찮은치과 추천좀 부탁드립니다 윗니 송곳니 두 개 덧니라 교정하고 싶은데 나이도 30대 중반이라 어디서 해야될 지 고민입니다 혹시 괜찮은 곳 있으심추천부탁드립니다,A+여우야 [성형 정보 공유 카페],2018.07.06.
대구 치과 추천해주세요ㅠㅠ,https://cafe.naver.com/dgmom365/5036611?art=ZXh0ZXJuYWwtc2VydmljZS1uYXZlci1zZWFyY2gtY2FmZS1wcg.eyJhbGciOiJIUzI1NiIsInR5cCI6IkpXVCJ9.eyJjYWZlVHlwZSI6IkNBRkVfVVJMIiwiY2FmZVVybCI6ImRnbW9tMzY1IiwiYXJ0aWNsZUlkIjo1MDM2NjExLCJpc3N1ZWRBdCI6MTc0ODMyODgzNzk3Nn0.Vawk98aIdICXMTNpkkl0pBdFRdpK6Exo5t9IvOy8OEs,괜찮은치과잇으면추천해주세요ㅠㅠ!! 제발요ㅠㅠㅠ,"대구맘 365 - 결혼, 임신, 출산, 육아, 교육,성형,부동산,DIY",2021.01.04.
대구 치과 추천해주세요~,https://cafe.naver.com/remonterrace/10077197?art=ZXh0ZXJuYWwtc2VydmljZS1uYXZlci1zZWFyY2gtY2FmZS1wcg.eyJhbGciOiJIUzI1NiIsInR5cCI6IkpXVCJ9.eyJjYWZlVHlwZSI6IkNBRkVfVVJMIiwiY2FmZVVybCI6InJlbW9udGVycmFjZSIsImFydGljbGVJZCI6MTAwNzcxOTcsImlzc3VlZEF0IjoxNzQ4MzI4ODM3OTc2fQ.rwB35wf-WN0w1NmjvA0-jtTT5b1xrInaQJHsisahSaY,"대구에 잘하는치과소개 좀 해주세요~ 보통 다들 집근처를 다닌다고 하시는데, 저희 동네근처는 소규모라 왠지 믿음도 안가네요ㅠ 시내쪽은 너무 바가지라는말도 있고...추천좀 해주세요~ 그리고 혹시 치아 화이트닝하신분 계신가요 ? 하고나면 어떤지도 좀 알려주세요 ^ ^","레몬테라스 [인테리어,리폼,DIY,요리,결혼,육아]",2013.03.14.
대구 치과고민..ㅜㅜ,https://cafe.naver.com/chuldo/722343?art=ZXh0ZXJuYWwtc2VydmljZS1uYXZlci1zZWFyY2gtY2FmZS1wcg.eyJhbGciOiJIUzI1NiIsInR5cCI6IkpXVCJ9.eyJjYWZlVHlwZSI6IkNBRkVfVVJMIiwiY2FmZVVybCI6ImNodWxkbyIsImFydGljbGVJZCI6NzIyMzQzLCJpc3N1ZWRBdCI6MTc0ODMyODgzNzk3Nn0.jamOyciduci73YGWtPjrB1LAGP11Ek5HVjMVryVyNdY,치과땜에 고민만 몇달째..ㅜㅜ대구 치과 추천부탁드려요~ 반월당에 한군데 상담받고왓는데 세라믹 현금가 토탈490 괜찮은건가요? 유지장치비는 별도구요;;,철도청[치아턱교정치과보험양악수술임플란트미백돌출입안티성형],2013.03.09.
대구치과추천미리미리 준비 하세요.,https://cafe.naver.com/fbsasins/9949?art=ZXh0ZXJuYWwtc2VydmljZS1uYXZlci1zZWFyY2gtY2FmZS1wcg.eyJhbGciOiJIUzI1NiIsInR5cCI6IkpXVCJ9.eyJjYWZlVHlwZSI6IkNBRkVfVVJMIiwiY2FmZVVybCI6ImZic2FzaW5zIiwiYXJ0aWNsZUlkIjo5OTQ5LCJpc3N1ZWRBdCI6MTc0ODMyODgzNzk3Nn0.a-lIxZdFfmRJP1LScN2rZzD981fVYIg8sjh_QaOU2Cw,대구치과추천미리미리 준비 하세요. 원 횟수도 적고치과내원 횟수도 적고치과내원이지만 교정 전용 칫솔이나 치간 칫솔 또는 부분 교정을 선호하는 분도 많아지고 있었습니다. 하지만 교정은 비싼 금액이니까요. 치태나 치석이 생길 수 있도록 체계적으로 사후 관리까지 해주는 것이 가장 좋은 방법입니다. 교정 결정해주세요.싫습니까? 기준으로 해대구치과추천서 치료해야 했어요. 환하게 웃을 때 치열이...,다이어트를이기는사람들,2023.07.13.
대구치과 추천해주세요~,https://cafe.naver.com/remonterrace/24373555?art=ZXh0ZXJuYWwtc2VydmljZS1uYXZlci1zZWFyY2gtY2FmZS1wcg.eyJhbGciOiJIUzI1NiIsInR5cCI6IkpXVCJ9.eyJjYWZlVHlwZSI6IkNBRkVfVVJMIiwiY2FmZVVybCI6InJlbW9udGVycmFjZSIsImFydGljbGVJZCI6MjQzNzM1NTUsImlzc3VlZEF0IjoxNzQ4MzI4ODM3OTc2fQ.FKCgn772uwKwkJqnjGpNxRobgPdP7r_pwPHwEM0dCsc,잇몸치료랑 치아레진 받아야하는데비용이 ㅎㄷㄷ해서 ㅠ혹시 레진 가격괜찮고 잘해주는치과아시면추천해주세요ㅠ,"레몬테라스 [인테리어,리폼,DIY,요리,결혼,육아]",2019.03.06.
대구치과 추천부탁드러요~^^,https://cafe.naver.com/dgmom365/1984326?art=ZXh0ZXJuYWwtc2VydmljZS1uYXZlci1zZWFyY2gtY2FmZS1wcg.eyJhbGciOiJIUzI1NiIsInR5cCI6IkpXVCJ9.eyJjYWZlVHlwZSI6IkNBRkVfVVJMIiwiY2FmZVVybCI6ImRnbW9tMzY1IiwiYXJ0aWNsZUlkIjoxOTg0MzI2LCJpc3N1ZWRBdCI6MTc0ODMyODgzNzk3Nn0.fUo2S7UJLsXMfNqIaxgl5ftRwkWbCWRv9o0ubb6n7mg,지금 교정이랑 미백쪽으로치과알아보는중이에요~ 혹시 괜찮은 곳 아시면추천부탁드려요~!!^^,"대구맘 365 - 결혼, 임신, 출산, 육아, 교육,성형,부동산,DIY",2017.07.23.
신경치료+금 덮는거 50 정도면 적절한건가요??(대구치과추천도해주세요!),https://cafe.naver.com/cosmania/22593088?art=ZXh0ZXJuYWwtc2VydmljZS1uYXZlci1zZWFyY2gtY2FmZS1wcg.eyJhbGciOiJIUzI1NiIsInR5cCI6IkpXVCJ9.eyJjYWZlVHlwZSI6IkNBRkVfVVJMIiwiY2FmZVVybCI6ImNvc21hbmlhIiwiYXJ0aWNsZUlkIjoyMjU5MzA4OCwiaXNzdWVkQXQiOjE3NDgzMjg4Mzc5NzZ9.pOExtQibY0QIimI4kxJ_VO0nLfE-00MKgytewXKOFjQ,비용을 대충말해주셔서 ㅠㅠ 신경치료 4-5회할거고 한번방문마다 1~2만원 나오고 금으로 덮는거는 45만원이나올거라고 하시네요 이정도면 가격괜찮은건가요??대구에 가격괜찮은치과아시면추천좀해주세요 8ㅅ8 + 그리고 양치할때 안쪽까지 꼼꼼히하세요 룸메님들 ㅠㅠㅠ 저는 잘 하고있다고 생각했는데 칫솔이 잘 안닿는 저~안에 보이지도 않는곳에 충치가 생겨있었어요... 너무 슬퍼요 ㅠㅠㅠ,카페 파우더룸 [ 화장품.뷰티.쇼핑.일상 ],2018.08.17.
라임치과넘 좋네요~^^,https://cafe.naver.com/daegumomsuda/4163?art=ZXh0ZXJuYWwtc2VydmljZS1uYXZlci1zZWFyY2gtY2FmZS1wcg.eyJhbGciOiJIUzI1NiIsInR5cCI6IkpXVCJ9.eyJjYWZlVHlwZSI6IkNBRkVfVVJMIiwiY2FmZVVybCI6ImRhZWd1bW9tc3VkYSIsImFydGljbGVJZCI6NDE2MywiaXNzdWVkQXQiOjE3NDgzMjg4Mzc5NzZ9.fGs5UBIFWAa5pd4a7U0LjO_1rIfOXdIsv4wnqILxVQY,"좋았어요ㅠㅠ 저희 아이 여러곳 견적 받아 본 결과 몇십만원 훌쩍 넘었었는데 선생님 차분히 진료해주시고.. 굳이 지금 그렇게까지 할 필요 없다면서 딱 필요한 진료만 해주셨어요~^^ 좋은치과만나기 쉽지 않은데 너무 만족스럽네요~~~~^^추천해주신 맘님들 감사합니다!! 홍보글아니고, 제가 자진해서 쓰는 글입니다~ㅎㅎ 이렇게 좋은 곳은 마구마구추천해야죠!!! #대구동구치과#대구치과#대구치과추천#엔와이라임치과",☆ 대구 혁신도시맘 And 동구맘 수다방 !,2019.03.26.
대구치과 추천점 부탁드려요~,https://cafe.naver.com/k2onion/2036?art=ZXh0ZXJuYWwtc2VydmljZS1uYXZlci1zZWFyY2gtY2FmZS1wcg.eyJhbGciOiJIUzI1NiIsInR5cCI6IkpXVCJ9.eyJjYWZlVHlwZSI6IkNBRkVfVVJMIiwiY2FmZVVybCI6Imsyb25pb24iLCJhcnRpY2xlSWQiOjIwMzYsImlzc3VlZEF0IjoxNzQ4MzI4ODM3OTc2fQ.2-s4EHq--GldUq-58iGl1jUI10tSAGF6vn0vqXpbEFg,마취안아프고 잘한다는데가 근처에 공항치과라고 들었는데 가보신분 있나요??.. 친절하고 안무섭게(?)잘하는치과 추천좀..ㅠㅠ치과는 그냥 너무무서워요..,관사나라양파마켓,2024.04.16.
"대구 치과 추천, 잇몸뼈가 충분하지 않다면 뼈이식 임플란트로 튼튼하게!",https://cafe.naver.com/dgmom365/2529829?art=ZXh0ZXJuYWwtc2VydmljZS1uYXZlci1zZWFyY2gtY2FmZS1wcg.eyJhbGciOiJIUzI1NiIsInR5cCI6IkpXVCJ9.eyJjYWZlVHlwZSI6IkNBRkVfVVJMIiwiY2FmZVVybCI6ImRnbW9tMzY1IiwiYXJ0aWNsZUlkIjoyNTI5ODI5LCJpc3N1ZWRBdCI6MTc0ODMyODgzNzk3Nn0.87MjhJqPENAr4qOJsNzljoMa5aIwj-ifmnrayLAKoKw,잇몸 뼈의 양이 충분하지 않다면 서울바른플란트치과의 뼈이식 임플란트로 튼튼하고 오래 사용하실 수 있습니다. 뼈의 양이 부족하신 경우? 뼈이식 임플란트는 시술 부위에 치조골이 충분치 않을 때 환자... 서울바른플란트치과의 어려운 임플란트 수술 뼈가 없는 경우 임플란트를 할 수 있는 방법은 여러가지입니다. 1. 아래턱뼈에 뼈가 없을 때 : 광범위한 뼈이식을 통한 임플란트 흔히 GBR이라 말하는 이 술식은...,"대구맘 365 - 결혼, 임신, 출산, 육아, 교육,성형,부동산,DIY",2018.03.28.
대구치과추천디지털 분석을 이용한 임플란트로 식립해서,https://cafe.naver.com/jybvictoria/2004?art=ZXh0ZXJuYWwtc2VydmljZS1uYXZlci1zZWFyY2gtY2FmZS1wcg.eyJhbGciOiJIUzI1NiIsInR5cCI6IkpXVCJ9.eyJjYWZlVHlwZSI6IkNBRkVfVVJMIiwiY2FmZVVybCI6Imp5YnZpY3RvcmlhIiwiYXJ0aWNsZUlkIjoyMDA0LCJpc3N1ZWRBdCI6MTc0ODMyODgzNzk3Nn0.tvSWJomi9KsF9BxAwJ2xNsJSSS97762uMGifawWr_pk,대구치과추천디지털 분석을 이용한 임플란트로 식립해서 치아를 상실하게 되는 원인은 굉장히 다양합니다. 각자 생활 습관과 더불어서 노화의 증상 때문에 영향을 받게 되어 영구치아를 상실하게 되는 경우도 종종 있습니다. 단순하게 치아만의 문제가 아니라 여러 질환들과 충치 등으로 인해서 젊은 연령층의 사람들도 상실할 가능성이 높아지면서 초기에 올바른 방법으로 예방을 할 수 있어야 했습니다. 구강 내...,로이스치과,2023.10.18.
대구치과추천노하우가 중요하죠,https://cafe.naver.com/sunhwalove/3297?art=ZXh0ZXJuYWwtc2VydmljZS1uYXZlci1zZWFyY2gtY2FmZS1wcg.eyJhbGciOiJIUzI1NiIsInR5cCI6IkpXVCJ9.eyJjYWZlVHlwZSI6IkNBRkVfVVJMIiwiY2FmZVVybCI6InN1bmh3YWxvdmUiLCJhcnRpY2xlSWQiOjMyOTcsImlzc3VlZEF0IjoxNzQ4MzI4ODM3OTc2fQ.D1Z8Px8GDQ3xRFmHdY61gTxzKCGV96Ey7Xu16rg2voY,더 큰 치료로 이어지기 전에대구치과추천을 찾아가서 원인과 상태를 파악한 뒤 그에 맞는 방법으로 케어를 이어나가야 했어요. 치아는 특성상 빈 공간이 생기게 되면 주변 치아가 채우려고 하는 특성이 있기 때문에 영구치 상실을 방치할 경우 치열이 틀어지게 되었어요. 또한 잇몸 뼈까지 흡수되어 주변의 건강한 치아마저 안 좋은 영향을 미칠 수 있는 만큼 임플란트로 빈 자리를 채워주는 것이 좋은데요. 이때 시술...,☆클리닉톡☆ 병원 정보 공유,2023.01.25.
부산이나대구 치과 추천부탁드려요~,https://cafe.naver.com/2005mam/568518?art=ZXh0ZXJuYWwtc2VydmljZS1uYXZlci1zZWFyY2gtY2FmZS1wcg.eyJhbGciOiJIUzI1NiIsInR5cCI6IkpXVCJ9.eyJjYWZlVHlwZSI6IkNBRkVfVVJMIiwiY2FmZVVybCI6IjIwMDVtYW0iLCJhcnRpY2xlSWQiOjU2ODUxOCwiaXNzdWVkQXQiOjE3NDgzMjg4Mzc5NzZ9.2h7FtMMKs73Seud3mTGiLJVRNFn5szXTjoNtcKpixVw,신랑이 임플란트 해야할듯 한데대구나 부산 좋은 의사 선생님 어디 계실까요? 검색해보니 다 광고 ... 꼼꼼하고 실력좋으신 분 아시면추천부탁드려봐요~,·´`°³о 경주아이맘·´`°³о,2016.07.18.
대구 치과 추천좀 부탁드립니다.,https://cafe.naver.com/lilole/31041?art=ZXh0ZXJuYWwtc2VydmljZS1uYXZlci1zZWFyY2gtY2FmZS1wcg.eyJhbGciOiJIUzI1NiIsInR5cCI6IkpXVCJ9.eyJjYWZlVHlwZSI6IkNBRkVfVVJMIiwiY2FmZVVybCI6ImxpbG9sZSIsImFydGljbGVJZCI6MzEwNDEsImlzc3VlZEF0IjoxNzQ4MzI4ODM3OTc2fQ.M3QovK_2XAGPwZpzShWOwShO5B9_xlS0AFojDH4HQhw,"경대 병원 다녀왔는데 턱관절 이상 없답니다. 왼쪽 턱에 약간 가끔 쩍쩍 거리는데 왜그런지 모르겠네요. 브릿지 한지 15년은 되었고, 보철도 해야하고, 앞니 하나가 좀 들어갔는데치과 추천부탁 드립니다.대구개인 병원이나 서울 개인병원 부탁합니다.",살며 사랑하며 배우며..(턱관절장애),2015.12.08.
